{
    "run_id": "walk_forward_example",
    "slices": [
        {
            "slice_id": 0,
            "train_start": 0,
            "train_end": 99,
            "test_start": 100,
            "test_end": 149,
            "metrics": {
                "total_return": 0.00038613975467205464,
                "sharpe": 2.170403870646118,
                "sortino": 1.5525485710982152,
                "max_drawdown": -0.00018995514403888797,
                "var_95": 0.00013796178559073637
            }
        },
        {
            "slice_id": 1,
            "train_start": 50,
            "train_end": 149,
            "test_start": 150,
            "test_end": 199,
            "metrics": {
                "total_return": 0.00038375895195708054,
                "sharpe": 2.156615248672534,
                "sortino": 1.5629731406209615,
                "max_drawdown": -0.00018995559617891885,
                "var_95": 0.00013796211396036135
            }
        }
    ]
}